Club,Dernière montée,Budget en M€,Classement précédent,Entraîneur en chef,Stade,Capacité,année,Rang,J,V,N,D,Em,Ee,Bo,Bd,Pm,Pe,Diff,Pts,J1_x,J2_x,J3_x,J4_x,J5_x,J6_x,J7_x,J8_x,J9_x,J10_x,J11_x,J12_x,J13_x,J14_x,J15_x,J16_x,J17_x,J18_x,J19_x,J20_x,J21_x,J22_x,J23_x,J24_x,J25_x,J26_x,J1_y,J2_y,J3_y,J4_y,J5_y,J6_y,J7_y,J8_y,J9_y,J10_y,J11_y,J12_y,J13_y,J14_y,J15_y,J16_y,J17_y,J18_y,J19_y,J20_y,J21_y,J22_y,J23_y,J24_y,J25_y,J26_y,JR1,JR2,JR3
Aviron bayonnais,2016,16.8,16,Vincent Etcheto  Dewald Senekal,Stade Jean-Dauger (Bayonne),16934.0,2016,14,26,6,3,17,41,107,0,0,466,905,-439,30,5,4,10,13,13,13,13,14,14,14,14,13,13.0,14.0,14.0,14.0,14.0,14.0,14.0,14.0,14.0,14.0,14.0,14.0,14.0,14.0,V,N,D,D,D,D,N,D,D,D,V,V,D,D,D,D,V,D,N,D,V,D,D,D,V,D,,,
Union Bordeaux Bègles,2011,24.2,7,Raphaël Ibañez  Jacques Brunel  Émile Ntamack  Joe Worsley,Stade Chaban-Delmas (Bordeaux) Stade Matmut-Atlantique (Bordeaux),,2016,11,26,11,1,14,50,52,2,6,569,581,-12,54,4,9,13,7,12,6,6,5,6,6,5,2,6.0,6.0,7.0,9.0,9.0,9.0,11.0,8.0,8.0,7.0,11.0,9.0,11.0,11.0,V,D,D,V,D,V,V,V,D,V,V,V,D,D,D,D,N,D,D,V,D,V,D,V,D,D,,,
CA Brive,2013,16.4,8,Nicolas Godignon  Didier Casadeï  Philippe Carbonneau,Stade Amédée-Domenech (Brive-la-Gaillarde),13979.0,2016,8,26,13,1,12,41,61,0,4,577,634,-57,58,8,3,1,6,4,9,7,7,10,8,9,9,10.0,9.0,11.0,10.0,10.0,10.0,9.0,9.0,10.0,9.0,8.0,11.0,10.0,8.0,N,V,V,D,V,D,V,D,D,V,D,V,D,V,D,V,D,D,V,V,D,V,V,D,D,V,,,
Castres olympique,1989,20.6,6,Christophe Urios  Joe El Abd  Frédéric Charrier,Stade Pierre-Antoine (Castres),11500.0,2016,5,26,13,1,12,66,38,5,4,667,509,158,63,2,2,8,10,6,4,9,10,9,9,8,6,5.0,8.0,5.0,7.0,4.0,4.0,3.0,5.0,61.0,51.0,51.0,81.0,5.0,5.0,V,N,D,D,V,V,D,D,V,D,V,V,V,D,V,D,V,V,V,D,V,D,D,D,V,D,,,
ASM Clermont,1926,30.5,1,Franck Azéma  Jono Gibbes,Stade Marcel-Michelin (Clermont-Ferrand),19022.0,2016,2,26,15,3,8,87,58,8,4,800,562,238,78,6,5,4,2,1,3,1,1,1,1,1,1,1.0,1.0,1.0,1.0,2.0,1.0,2.0,2.0,2.0,2.0,2.0,2.0,2.0,2.0,N,V,N,V,V,D,V,V,V,V,D,V,D,V,D,V,N,V,D,D,V,D,D,V,V,V,,,
Racing 92,2009,25.4,4,Laurent Travers  Laurent Labit  Ronan O'Gara,Stade Yves-du-Manoir (Colombes) Stade Pierre-Mauroy (Villeneuve-d'Ascq),,2016,6,26,14,1,11,63,62,3,1,586,616,-30,62,11,8,3,8,5,7,11,8,7,7,7,7,8.0,5.0,8.0,6.0,8.0,7.0,7.0,7.0,91.0,81.0,61.0,51.0,6.0,6.0,D,V,V,D,V,D,D,V,V,V,D,V,N,V,D,V,D,V,D,D,D,V,V,V,D,V,,,
FC Grenoble,2012,21.7,10,Bernard Jackman  Aaron Dundon  Mike Prendergast,Stade des Alpes (Grenoble),20068.0,2016,13,26,7,1,18,58,99,2,6,611,852,-241,38,14,14,14,14,14,14,14,13,13,13,13,14,14.0,13.0,13.0,13.0,13.0,13.0,13.0,13.0,13.0,13.0,13.0,13.0,13.0,13.0,D,D,D,V,D,D,D,V,D,D,D,D,D,V,D,D,V,D,V,D,N,V,D,D,D,V,,,
Montpellier HR,2003,24.2,3,Jake White  Shaun Sowerby Scott Wisemantel,Altrad Stadium (Montpellier),15000.0,2016,3,26,16,0,10,80,50,7,5,750,564,186,76,12,12,12,5,3,2,4,3,3,5,4,4,2.0,2.0,3.0,3.0,3.0,3.0,4.0,3.0,31.0,31.0,31.0,31.0,3.0,3.0,D,D,V,V,V,V,D,V,V,D,V,D,V,V,D,V,D,V,D,V,V,D,V,V,D,V,,,
Lyon OU,2016,24.6,15,Pierre Mignoni  Sébastien Bruno David Ellis,Matmut Stadium Gerland (Lyon) Matmut Stadium (Vénissieux),24000.0,2016,10,26,11,2,13,55,56,3,4,573,632,-59,55,9,11,7,11,9,12,12,9,11,10,10,11,12.0,12.0,12.0,12.0,12.0,12.0,12.0,11.0,11.0,11.0,9.0,7.0,9.0,10.0,N,D,V,D,V,D,N,V,D,V,D,D,D,D,V,D,V,D,V,V,D,V,V,V,D,D,,,
Stade français Paris,1997,27.6,12,Gonzalo Quesada  Simon Raiwalui  Greg Cooper,Stade Jean-Bouin (Paris),20000.0,2016,7,26,12,1,13,66,59,5,4,643,638,5,59,1,7,6,3,7,11,8,11,8,11,12,10,9.0,11.0,10.0,11.0,11.0,11.0,10.0,12.0,121.0,121.0,101.0,61.0,7.0,7.0,V,D,N,V,D,D,V,D,V,D,D,V,V,D,V,D,D,D,V,D,D,V,V,V,V,D,,,
Section paloise,2015,19.6,11,Simon Mannix  Carl Hayman  Frédéric Manca,Stade du Hameau (Pau),13800.0,2016,9,26,12,1,13,58,70,2,5,604,701,-97,57,13,13,9,12,10,8,10,12,12,12,11,12,11.0,10.0,9.0,8.0,6.0,6.0,5.0,4.0,5.0,6.0,7.0,10.0,8.0,9.0,D,D,V,D,V,V,D,D,D,D,V,D,V,V,V,V,V,V,N,V,D,D,D,D,V,D,,,
Stade rochelais,2014,18.2,9,Patrice Collazo  Xavier Garbajosa,Stade Marcel-Deflandre (La Rochelle),15000.0,2016,1,26,17,3,6,68,46,6,5,707,498,209,85,7,6,2,1,2,1,2,2,4,2,2,3,4.0,3.0,2.0,2.0,1.0,2.0,1.0,1.0,1.0,1.0,1.0,1.0,1.0,1.0,N,V,V,V,D,V,D,N,D,V,V,D,N,V,V,V,V,V,V,V,V,V,V,D,V,D,,,
RC Toulon,2008,25.5,2,Mike Ford  Marc Dal Maso,Stade Mayol (Toulon) Orange Vélodrome (Marseille),,2016,4,26,14,2,10,68,50,5,4,674,511,163,69,10,10,11,4,8,5,3,4,2,3,3,5,3.0,4.0,4.0,5.0,5.0,5.0,6.0,6.0,4.0,4.0,4.0,4.0,4.0,4.0,D,V,D,V,D,V,V,N,V,D,V,D,V,D,V,D,D,V,D,V,N,D,V,V,V,V,,,
Stade toulousain,1907,31.5,5,Ugo Mola  Jean-Baptiste Élissalde  William Servat,Stade Ernest-Wallon (Toulouse) Stadium (Toulouse),,2016,12,26,11,0,15,53,46,3,6,537,561,-24,53,3,1,5,9,11,10,5,6,5,4,6,8,7.0,7.0,6.0,4.0,7.0,8.0,8.0,10.0,7.0,10.0,12.0,12.0,12.0,12.0,V,V,D,D,D,V,V,D,V,V,D,D,V,D,V,V,D,D,D,D,V,D,D,D,D,V,,,
Union Bordeaux Bègles,2011,24.68,11,Jacques Brunel  Rory Teague  Jeremy Davidson  Joe Worsley,Stade Chaban-Delmas (Bordeaux),34694.0,2017,10,26,10,1,15,54,74,3,3,557,623,-66,48,5,8,5,9,7,6,5,6,7,6,7,8,8.0,8.0,8.0,9.0,9.0,9.0,9.0,10.0,10.0,10.0,9.0,10.0,10.0,10.0,V,D,V,D,V,V,V,D,D,V,N,D,V,D,V,D,D,D,D,D,V,D,V,D,D,D,,,
CA Brive,2013,17.58,8,Nicolas Godignon  Didier Casadeï  Philippe Carbonneau  Jean-Baptiste Péjoine Sébastien Bonnet,Stade Amédée-Domenech (Brive-la-Gaillarde),13979.0,2017,14,26,7,1,18,50,83,1,5,485,726,-241,36,12,14,14,14,14,14,14,14,13,13,13,12,13.0,12.0,12.0,12.0,12.0,13.0,13.0,13.0,14.0,13.0,13.0,14.0,14.0,14.0,D,D,D,D,D,D,V,D,V,D,N,V,D,V,V,D,D,D,D,D,D,V,D,D,D,V,,,
Castres olympique,1989,21.73,5,Christophe Urios  Joe El Abd  Frédéric Charrier,Stade Pierre-Fabre (Castres),12500.0,2017,6,26,15,0,11,69,66,4,5,638,624,14,69,9,3,7,10,10,10,11,10,8,7,6,5,3.0,3.0,4.0,4.0,7.0,5.0,6.0,7.0,8.0,8.0,8.0,6.0,6.0,6.0,D,V,D,D,D,V,D,V,V,V,V,V,V,V,D,D,V,V,D,D,V,D,V,V,D,V,,,
ASM Clermont,1925,31.55,2,Franck Azéma  Bernard Goutta  Didier Bès  Xavier Sadourny,Stade Marcel-Michelin (Clermont-Ferrand),19022.0,2017,9,26,11,1,14,67,76,4,4,629,687,-58,54,10,9,13,7,8,9,9,9,10,9,9,9,10.0,10.0,10.0,10.0,10.0,10.0,10.0,9.0,9.0,9.0,10.0,9.0,9.0,9.0,D,V,D,V,V,D,D,V,D,V,N,V,D,D,D,D,D,D,V,V,V,D,D,V,D,V,,,
Montpellier HR,2003,26.9,3,Vern Cotter  Nathan Hines Alex King,Altrad Stadium (Montpellier),15697.0,2017,1,26,17,0,9,98,59,12,1,752,559,193,81,1,1,1,1,1,1,2,2,2,1,1,2,1.0,2.0,1.0,1.0,1.0,1.0,1.0,1.0,1.0,1.0,1.0,1.0,1.0,1.0,V,V,V,V,D,V,D,V,V,V,D,D,V,D,V,V,V,V,D,V,D,V,V,D,V,D,,,
US Oyonnax,2017,15.42,15,Adrien Buononato  Jamie Cudmore  Vincent Krischer  Mike Prendergast,Stade Charles-Mathon (Oyonnax),11400.0,2017,13,26,7,3,16,55,101,1,4,566,824,-258,39,8,12,9,11,11,12,12,12,14,14,14,14,14.0,14.0,14.0,14.0,14.0,14.0,14.0,14.0,13.0,14.0,14.0,13.0,13.0,13.0,N,D,V,D,D,D,D,D,D,D,N,D,D,D,N,D,D,V,V,V,V,D,D,V,V,D,,,
Lyon OU,2016,27.08,10,Pierre Mignoni  Sébastien Bruno  David Attoub  Karim Ghezal Kendrick Lynn,Matmut Stadium Gerland (Lyon),35029.0,2017,5,26,15,0,11,78,54,7,3,689,541,148,70,3,2,6,3,3,2,1,1,1,2,3,3,7.0,7.0,7.0,7.0,6.0,8.0,8.0,6.0,7.0,7.0,7.0,5.0,5.0,5.0,V,V,D,V,V,V,V,V,D,D,D,D,D,V,D,V,V,D,V,V,D,D,V,V,D,V,,,
Racing 92,2009,24.91,6,Laurent Travers  Laurent Labit  Ronan O'Gara  Chris Masoe,U Arena (Nanterre) Stade olympique Yves-du-Manoir (Colombes),,2017,2,26,18,0,8,73,45,5,3,622,478,144,80,6,6,2,2,5,7,8,7,6,4,4,4,4.0,4.0,3.0,3.0,2.0,2.0,2.0,2.0,2.0,2.0,2.0,3.0,2.0,2.0,V,D,V,V,D,D,D,V,V,V,V,D,V,V,V,V,V,D,V,D,V,V,V,D,V,V,,,
Stade français Paris,1997,30.16,7,Greg Cooper  Olivier Azam  Julien Dupuy,Stade Jean-Bouin (Paris),15500.0,2017,12,26,9,0,17,58,87,2,4,540,740,-200,42,11,7,12,13,13,11,10,11,11,11,11,11,11.0,11.0,11.0,11.0,11.0,11.0,12.0,11.0,12.0,12.0,12.0,12.0,12.0,12.0,D,V,D,D,D,V,V,D,D,V,D,V,D,V,D,D,D,D,D,V,D,D,V,D,V,D,,,
Section paloise,2015,23.02,9,Simon Mannix  Carl Hayman  Frédéric Manca,Stade du Hameau (Pau),18324.0,2017,8,26,15,0,11,58,66,2,4,590,584,6,66,13,13,10,8,9,8,7,8,9,10,10,10,9.0,9.0,9.0,8.0,8.0,7.0,4.0,5.0,5.0,6.0,5.0,7.0,8.0,8.0,D,D,V,V,V,D,V,D,D,V,D,V,V,D,V,V,V,V,V,V,D,V,D,D,D,V,,,
SU Agen,2017,12.32,16,Philippe Sella  Stéphane Prosper  Mauricio Reggiardo,Stade Armandie (Agen),14042.0,2017,11,26,10,0,16,59,96,2,4,537,757,-220,46,14,11,11,12,12,13,13,13,12,12,12,13,12.0,13.0,13.0,13.0,13.0,12.0,11.0,12.0,11.0,11.0,11.0,11.0,11.0,11.0,D,V,D,D,D,D,D,D,V,D,V,D,V,D,V,D,D,V,V,D,D,D,V,V,V,D,,,
Stade rochelais,2014,22.81,1,Patrice Collazo  Xavier Garbajosa,Stade Marcel-Deflandre (La Rochelle),16000.0,2017,7,26,14,1,11,81,52,6,3,686,531,155,67,4,10,3,4,2,5,4,3,3,3,2,1,2.0,1.0,2.0,2.0,3.0,6.0,7.0,8.0,6.0,5.0,6.0,8.0,7.0,7.0,V,D,V,V,V,D,V,V,V,D,V,V,D,V,N,V,D,D,D,D,V,V,D,D,D,V,,,
RC Toulon,2008,26.39,4,Fabien Galthié  Fabrice Landreau  Marc Dal Maso  Manny Edmonds,Stade Mayol (Toulon),18200.0,2017,4,26,14,0,12,93,52,9,8,766,507,259,73,2,5,4,6,6,4,6,4,5,8,8,7,5.0,5.0,5.0,5.0,4.0,4.0,5.0,3.0,4.0,4.0,4.0,4.0,4.0,4.0,V,D,V,D,V,V,D,V,D,D,D,V,V,D,D,V,V,V,D,V,D,V,D,V,V,D,,,
Stade toulousain,1907,30.86,12,Ugo Mola  William Servat  Pierre-Henry Broncan  Jean Bouilhou,Stade Ernest-Wallon (Toulouse),19500.0,2017,3,26,16,1,9,80,62,4,4,719,595,124,74,7,4,8,5,4,3,3,5,4,5,5,6,6.0,6.0,6.0,6.0,5.0,3.0,3.0,4.0,3.0,3.0,3.0,2.0,3.0,3.0,N,V,D,V,V,V,V,D,V,D,V,D,D,V,D,V,V,V,V,D,V,V,D,V,V,D,,,
SU Agen,2017,13.8,11,Philippe Sella  Stéphane Prosper  Mauricio Reggiardo,Stade Armandie (Agen),14042.0,2018,12,26,8,1,17,38,78,0,4,431,654,-223,38,14,10,12,9,12,12,13,12,13,13,12,13,13.0,13.0,13.0,12.0,12.0,12.0,12.0,12.0,12.0,12.0,12.0,12.0,12.0,12.0,D,V,D,V,D,D,D,N,D,D,V,D,D,D,D,V,V,D,V,D,D,D,V,V,D,D,,,
Union Bordeaux Bègles,2011,23.0,10,Rory Teague  Luke Narraway  Joe Worsley  Jean-Baptiste Poux  Brock James,Stade Chaban-Delmas (Bordeaux),34694.0,2018,10,26,12,1,13,66,84,4,3,618,711,-93,57,3,6,8,10,9,7,8,5,8,7,6,5,4.0,7.0,5.0,5.0,5.0,6.0,4.0,6.0,6.0,6.0,8.0,9.0,9.0,10.0,V,D,N,D,V,V,D,V,D,V,V,V,V,D,V,D,V,D,V,D,V,D,D,D,D,D,,,
Castres olympique,1989,23.7,6,Christophe Urios  Joe El Abd  Frédéric Charrier,Stade Pierre-Fabre (Castres),12500.0,2018,7,26,15,0,11,48,46,4,5,508,499,9,69,6,3,5,3,5,4,5,9,7,6,7,6,9.0,8.0,8.0,8.0,7.0,5.0,3.0,5.0,5.0,5.0,4.0,5.0,5.0,7.0,V,V,D,V,D,V,D,D,V,V,D,D,D,V,V,V,V,V,V,D,V,V,D,D,V,D,,,
ASM Clermont,1925,32.5,9,Franck Azéma  Bernard Goutta  Didier Bès  Xavier Sadourny,Stade Marcel-Michelin (Clermont-Ferrand),19022.0,2018,2,26,16,3,7,93,50,9,4,828,535,293,83,1,1,1,1,1,1,1,1,1,1,1,1,1.0,1.0,2.0,2.0,2.0,2.0,2.0,2.0,2.0,2.0,2.0,2.0,2.0,2.0,V,V,V,V,D,V,D,V,N,V,V,N,V,V,D,V,D,V,V,V,N,D,V,V,D,D,,,
FC Grenoble,2018,18.0,16,Stéphane Glas  Dewald Senekal,Stade des Alpes (Grenoble),20068.0,2018,13,26,5,2,19,32,82,0,5,448,691,-243,29,10,12,13,13,13,13,11,11,11,11,13,12,11.0,12.0,12.0,13.0,13.0,13.0,13.0,13.0,13.0,13.0,13.0,13.0,13.0,13.0,D,D,D,D,V,D,V,N,N,D,D,V,D,D,D,D,D,D,D,D,V,V,D,D,D,D,,,
Lyon OU,2016,29.8,5,Pierre Mignoni  Karim Ghezal Kendrick Lynn David Attoub,Matmut Stadium Gerland (Lyon),16000.0,2018,3,26,17,1,8,72,56,7,1,683,525,158,78,8,11,9,5,7,5,3,5,4,8,4,7,5.0,5.0,4.0,4.0,3.0,3.0,5.0,3.0,3.0,3.0,3.0,3.0,3.0,3.0,N,D,V,V,D,V,V,D,V,D,V,D,V,V,V,V,V,D,D,V,V,V,D,V,V,V,,,
Montpellier HR,2003,27.0,1,Vern Cotter  Nathan Hines Alex King,GGL Stadium (Montpellier),15697.0,2018,6,26,14,1,11,82,55,6,6,659,546,113,70,9,5,7,11,8,6,4,7,9,9,9,9,8.0,9.0,9.0,9.0,9.0,9.0,9.0,9.0,9.0,9.0,7.0,7.0,6.0,6.0,D,V,N,D,V,V,V,D,D,V,D,D,V,D,D,D,D,V,V,V,V,D,V,V,V,V,,,
Stade français Paris,1997,34.0,12,Heyneke Meyer  Pieter de Villiers  Paul O'Connell Mike Prendergast  John McFarland,Stade Jean-Bouin (Paris),20000.0,2018,8,26,14,0,12,58,62,4,4,583,579,4,64,2,2,4,2,2,2,2,2,3,5,8,6,7.0,4.0,6.0,6.0,6.0,8.0,8.0,8.0,7.0,8.0,9.0,8.0,8.0,8.0,V,V,D,V,V,D,V,V,D,D,D,V,V,V,D,D,V,D,D,V,D,V,D,V,D,V,,,
Section paloise,2015,25.0,8,Simon Mannix  Carl Hayman  Nicolas Godignon  Frédéric Manca,Stade du Hameau (Pau),18324.0,2018,11,26,9,0,17,51,91,2,5,501,763,-262,43,12,8,6,8,10,10,10,10,10,10,11,11,12.0,10.0,10.0,10.0,11.0,11.0,11.0,11.0,11.0,11.0,11.0,11.0,11.0,11.0,D,V,V,D,D,V,V,D,D,D,D,D,D,V,V,D,D,V,D,D,D,D,V,D,V,D,,,
USA Perpignan,2018,16.0,15,Christian Lanta  Perry Freshwater  Patrick Arlettaz,Stade Aimé-Giral (Perpignan),14593.0,2018,14,26,2,0,24,41,98,0,4,433,821,-388,12,13,13,14,14,14,14,14,14,14,14,14,14,14.0,14.0,14.0,14.0,14.0,14.0,14.0,14.0,14.0,14.0,14.0,14.0,14.0,14.0,D,D,D,D,D,D,D,D,D,D,D,D,D,D,D,V,D,D,D,V,D,D,D,D,D,D,,,
Racing 92,2009,24.0,2,Laurent Travers  Laurent Labit  Chris Masoe,Paris La Défense Arena (Nanterre),32000.0,2018,4,26,15,1,10,95,55,8,4,750,563,187,74,4,7,2,6,3,3,7,4,5,3,5,4,6.0,6.0,7.0,7.0,8.0,7.0,6.0,4.0,4.0,4.0,5.0,6.0,4.0,4.0,V,D,V,D,V,V,D,V,V,V,D,V,D,V,D,D,D,V,V,V,N,V,D,D,V,V,,,
Stade rochelais,2014,25.6,7,Jono Gibbes  Grégory Patat  Xavier Garbajosa  Akvsenti Giorgadze,Stade Marcel-Deflandre (La Rochelle),16000.0,2018,5,26,16,0,10,92,69,6,1,719,616,103,71,5,9,10,7,6,9,9,8,6,4,3,3,3.0,3.0,3.0,3.0,4.0,4.0,7.0,7.0,8.0,7.0,6.0,4.0,7.0,5.0,V,D,D,V,V,D,V,V,V,V,V,V,V,D,V,V,D,D,D,D,D,V,V,V,D,V,,,
RC Toulon,2008,30.0,4,Patrice Collazo Juan Martín Fernández Lobbe Sébastien Tillous-Borde,Stade Mayol (Toulon),18200.0,2018,9,26,12,0,14,72,59,6,3,572,542,30,57,11,14,11,12,11,11,12,13,12,12,10,10,10.0,11.0,11.0,11.0,10.0,10.0,10.0,10.0,10.0,10.0,10.0,10.0,10.0,9.0,D,D,V,D,V,D,D,D,V,D,V,V,D,D,V,D,V,V,D,D,V,D,V,D,V,V,,,
Stade toulousain,1907,32.0,3,Ugo Mola  Régis Sonnes  William Servat  Jean Bouilhou  Clément Poitrenaud  Laurent Thuéry,Stade Ernest-Wallon (Toulouse),19500.0,2018,1,26,21,2,3,102,57,9,1,820,508,312,98,7,4,3,4,4,8,6,3,2,2,2,2,2.0,2.0,1.0,1.0,1.0,1.0,1.0,1.0,1.0,1.0,1.0,1.0,1.0,1.0,N,V,V,V,D,D,V,V,V,V,V,N,V,V,V,V,V,V,V,V,D,V,V,V,V,V,,,
SU Agen,2017,12.5,12,Philippe Sella  Christophe Laussucq  Rémy Vaquin  Benoît Lecouls,Stade Armandie (Agen),14042.0,2019,13,17,5,1,11,36,46,0,4,323,414,-91,26,13,10,12,9,10,11,12,10,13,13,13,13,14.0,13.0,14.0,12.0,13.0,,,,,,,,,,D,V,D,V,D,D,N,V,D,D,D,D,D,V,D,V,D,,,,,,,,,,,,
Aviron bayonnais,2019,16.6,17,Yannick Bru  Joël Rey  Rémy Ladauge,Stade Jean-Dauger (Bayonne),16934.0,2019,9,17,7,1,9,27,45,0,3,327,409,-82,33,5,5,7,5,4,3,3,3,4,10,8,11,11.0,10.0,11.0,11.0,9.0,,,,,,,,,,V,D,D,V,V,V,V,D,D,D,N,D,D,D,D,V,V,,,,,,,,,,,,
Union Bordeaux Bègles,2011,26.3,10,Christophe Urios  Frédéric Charrier  Julien Laïrle  Jean-Baptiste Poux  Heini Adams,Stade Chaban-Delmas (Bordeaux),34694.0,2019,1,17,13,1,3,53,28,6,1,475,317,158,61,6,2,2,2,2,2,2,2,2,2,1,1,1.0,2.0,1.0,1.0,1.0,,,,,,,,,,V,V,V,V,N,D,V,D,V,V,V,V,V,D,V,V,V,,,,,,,,,,,,
CA Brive,2019,16.8,15,Jeremy Davidson  Marc Dal Maso  Jean-Baptiste Péjoine,Stade Amédée-Domenech (Brive-la-Gaillarde),13979.0,2019,11,17,7,1,9,32,48,1,2,364,439,-75,33,12,14,13,14,12,9,13,9,12,8,6,9,9.0,9.0,9.0,10.0,11.0,,,,,,,,,,D,D,V,D,V,V,D,V,D,V,N,D,D,V,D,D,V,,,,,,,,,,,,
Castres olympique,1989,25.0,7,Mauricio Reggiardo  Stéphane Prosper  Patrick Furet  Joe Worsley,Stade Pierre-Fabre (Castres),12500.0,2019,10,17,7,0,10,38,43,3,2,392,460,-68,33,7,8,10,11,9,5,8,12,11,12,11,12,12.0,12.0,10.0,9.0,10.0,,,,,,,,,,V,D,D,D,V,V,D,D,V,D,V,D,D,D,V,V,D,,,,,,,,,,,,
ASM Clermont,1925,33.7,2,Franck Azéma  Bernard Goutta  Didier Bès  Xavier Sadourny,Stade Marcel-Michelin (Clermont-Ferrand),19022.0,2019,6,17,10,0,7,39,45,1,0,423,415,8,41,4,3,4,7,5,4,4,4,6,5,7,6,8.0,7.0,6.0,7.0,6.0,,,,,,,,,,V,V,D,D,V,V,D,V,D,V,D,V,D,V,V,D,V,,,,,,,,,,,,
Lyon OU,2016,33.6,3,Pierre Mignoni  David Gérard  Kendrick Lynn David Attoub,Matmut Stadium Gerland (Lyon),35029.0,2019,2,17,12,0,5,50,27,5,0,463,304,159,53,1,1,1,1,1,1,1,1,1,1,2,2,2.0,1.0,2.0,2.0,2.0,,,,,,,,,,V,V,V,V,V,V,V,D,V,D,D,V,V,V,D,V,D,,,,,,,,,,,,
Montpellier HR,2003,31.8,6,Xavier Garbajosa  Pierre-Philippe Lafond  Nathan Hines,GGL Stadium (Montpellier),15697.0,2019,8,17,6,3,8,42,37,2,5,404,390,14,37,8,4,3,4,6,8,10,7,7,3,5,8,6.0,8.0,7.0,8.0,8.0,,,,,,,,,,D,V,V,D,N,D,D,V,N,V,D,N,V,D,V,D,D,,,,,,,,,,,,
Stade français Paris,1997,40.2,8,Heyneke Meyer  Pieter de Villiers  Dewald Senekal  Ricardo Loubscher  John McFarland  Laurent Sempéré  Julien Arias,Stade Jean-Bouin (Paris),20000.0,2019,14,17,5,1,11,30,50,0,3,328,488,-160,25,14,13,9,13,14,14,14,14,14,14,14,14,13.0,14.0,12.0,13.0,14.0,,,,,,,,,,D,D,V,D,D,D,V,D,D,D,V,N,V,D,V,D,D,,,,,,,,,,,,
Section paloise,2015,24.2,11,Nicolas Godignon  Frédéric Manca,Stade du Hameau (Pau),18324.0,2019,12,17,6,0,11,31,42,0,4,334,414,-80,28,3,9,5,3,3,6,11,8,3,9,12,10,10.0,11.0,13.0,14.0,12.0,,,,,,,,,,V,D,V,V,D,D,D,V,V,D,D,D,D,D,D,D,V,,,,,,,,,,,,
Racing 92,2009,28.9,4,Laurent Travers  Mike Prendergast  Patricio Noriega  Chris Masoe,Paris La Défense Arena (Nanterre),32000.0,2019,3,17,9,1,7,51,30,5,3,451,326,125,46,10,7,6,10,13,10,9,13,10,11,10,7,5.0,4.0,3.0,5.0,3.0,,,,,,,,,,D,V,D,D,D,V,N,D,V,D,V,V,V,V,V,D,V,,,,,,,,,,,,
Stade rochelais,2014,29.0,5,Jono Gibbes  Ronan O'Gara  Grégory Patat  Akvsenti Giorgadze,Stade Marcel-Deflandre (La Rochelle),16000.0,2019,5,17,9,0,8,38,38,3,3,370,377,-7,42,11,11,14,8,8,12,6,6,9,7,9,5,4.0,3.0,5.0,3.0,5.0,,,,,,,,,,D,V,D,V,D,D,V,V,D,V,D,V,V,V,D,V,D,,,,,,,,,,,,
RC Toulon,2008,30.7,9,Patrice Collazo Éric Dasalmartini Sébastien Tillous-Borde Casey Laulala,Stade Mayol (Toulon),18200.0,2019,4,17,9,2,6,37,32,3,2,396,334,62,45,2,6,11,6,7,7,7,5,5,6,3,3,3.0,5.0,4.0,4.0,4.0,,,,,,,,,,V,D,D,V,D,V,D,V,N,V,V,N,V,D,V,D,V,,,,,,,,,,,,
Stade toulousain,1907,37.2,1,Ugo Mola  Régis Sonnes  Clément Poitrenaud  Laurent Thuéry  Virgile Lacombe  Alan-Basson Zondagh,Stade Ernest-Wallon (Toulouse),19500.0,2019,7,17,8,1,8,37,30,4,2,368,331,37,40,9,12,8,12,11,13,5,11,8,4,4,4,7.0,6.0,8.0,6.0,7.0,,,,,,,,,,D,D,V,D,V,D,V,D,V,V,V,N,D,V,D,V,D,,,,,,,,,,,,
SU Agen,2017,13.2,13,Philippe Sella. Christophe Laussucq. Rémy Vaquin. Benoît Lecouls. Régis Sonnes. David Ortiz. Sylvain Mirande,Stade Armandie (Agen),14042.0,2020,14,26,0,0,26,30,146,0,2,315,1101,-786,2,9,12,14,14,14,14,14,14,14,14,14,14,14.0,14.0,14.0,14.0,14.0,14.0,14.0,14.0,14.0,14.0,14.0,14.0,14.0,14.0,D,D,D,D,D,D,D,D,D,D,D,D,D,D,D,D,D,D,D,D,D,D,D,D,D,D,,,
Aviron bayonnais,2019,15.6,9,Yannick Bru. Joël Rey. Rémy Ladauge,Stade Jean-Dauger (Bayonne),16934.0,2020,13,26,10,0,16,48,94,1,5,565,796,-231,46,14,11,6,8,9,9,10,11,8,9,9,11,11.0,12.0,12.0,12.0,13.0,13.0,12.0,12.0,12.0,12.0,13.0,12.0,12.0,13.0,D,V,V,D,D,V,V,D,V,D,D,D,D,V,D,V,V,D,D,V,D,D,D,V,D,D,,,
Union Bordeaux Bègles,2011,25.3,1,Christophe Urios. Frédéric Charrier. Julien Laïrle. Jean-Baptiste Poux.  Heini Adams,Stade Chaban-Delmas (Bordeaux),33290.0,2020,4,26,15,1,10,78,41,7,3,740,546,194,72,11,8,12,12,12,12,11,8,9,8,8,8,8.0,6.0,6.0,4.0,4.0,5.0,5.0,5.0,5.0,6.0,7.0,3.0,4.0,4.0,D,V,D,N,D,D,V,V,V,V,D,D,V,V,V,V,V,D,V,D,V,V,V,V,D,D,,,
CA Brive,2019,15.5,11,Jeremy Davidson  Marc Dal Maso. Jean-Baptiste Péjoine,Stade Amédée-Domenech (Brive-la-Gaillarde),13979.0,2020,11,26,11,0,15,52,78,2,5,585,711,-126,51,1,5,4,6,8,11,12,13,13,13,10,9,9.0,9.0,9.0,9.0,10.0,9.0,10.0,10.0,10.0,10.0,11.0,11.0,11.0,11.0,V,D,V,V,D,D,D,V,D,D,V,V,D,V,V,V,D,V,D,V,D,V,D,D,D,D,,,
Castres olympique,1989,23.0,10,Mauricio Reggiardo  Stéphane Prosper. Pierre-Henry Broncan. David Darricarrère  Joe Worsley,Stade Pierre-Fabre (Castres),12500.0,2020,7,26,15,1,10,61,63,3,4,625,676,-51,69,4,10,10,11,13,13,13,12,12,12,13,13,12.0,10.0,10.0,11.0,9.0,10.0,9.0,8.0,8.0,8.0,6.0,8.0,8.0,7.0,V,D,V,D,D,D,V,N,D,D,V,V,V,V,D,D,V,D,V,V,V,V,V,D,V,V,,,
ASM Clermont,1925,28.9,6,Franck Azéma. Bernard Goutta. Xavier Sadourny. Didier Bès  Benson Stanley,Stade Marcel-Michelin (Clermont-Ferrand),19022.0,2020,5,26,15,1,10,88,61,6,3,830,619,211,71,6,3,1,5,4,2,1,2,3,3,6,7,7.0,5.0,5.0,6.0,5.0,4.0,4.0,4.0,4.0,4.0,4.0,5.0,5.0,5.0,V,D,V,N,V,V,V,D,V,V,D,D,D,V,V,D,V,V,D,V,V,D,D,V,D,V,,,
Lyon OU,2016,32.9,2,Pierre Mignoni. David Gérard. David Attoub  Kendrick Lynn,Matmut Stadium Gerland (Lyon),35029.0,2020,9,26,14,1,11,74,56,3,4,678,568,110,65,10,13,8,10,5,4,4,3,7,7,7,5,5.0,7.0,7.0,7.0,7.0,7.0,7.0,6.0,6.0,5.0,9.0,9.0,9.0,9.0,D,D,V,N,V,V,V,V,D,V,V,D,D,D,V,D,D,V,V,V,D,V,D,V,D,V,,,
Montpellier HR,2003,29.1,8,Xavier Garbajosa. Pierre-Philippe Lafond. Philippe Saint-André. Olivier Azam. Jean-Baptiste Élissalde,GGL Stadium (Montpellier),15697.0,2020,10,26,10,0,16,51,58,6,8,579,615,-36,54,8,14,13,13,11,8,9,10,11,11,12,12,13.0,13.0,13.0,13.0,12.0,11.0,11.0,11.0,11.0,11.0,10.0,10.0,10.0,10.0,D,D,D,D,V,V,D,V,D,D,V,D,D,D,D,D,D,V,V,V,V,D,V,D,V,D,,,
Stade français Paris,1997,38.8,14,Gonzalo Quesada  Laurent Sempéré. Julien Arias,Stade Jean-Bouin (Paris),20000.0,2020,6,26,15,0,11,69,63,6,4,701,622,79,70,12,7,9,9,10,10,6,9,4,6,5,6,4.0,8.0,8.0,8.0,8.0,8.0,8.0,9.0,9.0,9.0,8.0,7.0,7.0,6.0,V,V,D,V,D,D,V,D,V,D,V,D,V,D,D,V,D,D,V,D,V,V,V,V,V,V,,,
Section paloise,2015,22.5,12,Nicolas Godignon. Frédéric Manca. Thomas Domingo. Geoffrey Lanne-Petit. Sébastien Piqueronies  Paul Tito,Stade du Hameau (Pau),14588.0,2020,12,26,9,1,16,65,76,2,6,688,752,-64,46,5,2,5,2,3,5,7,7,10,10,11,10,10.0,11.0,11.0,10.0,11.0,12.0,13.0,13.0,13.0,13.0,12.0,13.0,13.0,12.0,V,V,D,N,V,D,D,D,D,D,D,V,V,D,D,V,D,D,D,D,V,D,V,D,D,V,,,
Racing 92,2009,28.9,3,Laurent Travers. Dimitri Szarzewski  Mike Prendergast  Patricio Noriega.,Paris La Défense Arena (Nanterre),32000.0,2020,3,26,17,0,9,82,48,6,4,757,577,180,78,3,1,3,5,7,6,5,5,6,4,3,3,3.0,3.0,4.0,3.0,3.0,2.0,3.0,3.0,3.0,3.0,3.0,4.0,3.0,3.0,V,V,D,D,D,V,D,V,V,V,V,V,V,V,D,V,V,V,D,D,D,D,V,V,V,V,,,
Stade rochelais,2014,25.9,5,Jono Gibbes  Ronan O'Gara  Grégory Patat,Stade Marcel-Deflandre (La Rochelle),16000.0,2020,2,26,17,0,9,79,41,6,4,726,452,274,78,2,9,11,3,2,3,2,1,1,1,1,1,1.0,2.0,2.0,2.0,2.0,1.0,2.0,2.0,2.0,2.0,2.0,2.0,2.0,2.0,V,D,V,V,V,V,V,V,D,V,D,V,V,D,V,D,V,V,D,V,V,D,D,V,V,D,,,
RC Toulon,2008,32.5,4,Patrice Collazo. Éric Dasalmartini. Julien Dupuy,Stade Mayol (Toulon),18200.0,2020,8,26,14,0,12,62,53,7,3,641,605,36,66,13,6,7,7,6,7,8,6,5,5,4,3,6.0,4.0,3.0,5.0,6.0,6.0,6.0,7.0,7.0,7.0,5.0,6.0,6.0,8.0,D,V,D,V,V,V,D,V,V,V,D,V,D,D,V,D,D,V,V,D,D,V,V,D,V,D,,,
Stade toulousain,1907,36.6,7,Ugo Mola. Jean Bouilhou. Clément Poitrenaud. Laurent Thuéry. Virgile Lacombe  Alan-Basson Zondagh,Stade Ernest-Wallon (Toulouse),19500.0,2020,1,26,17,1,8,92,53,8,3,767,557,210,81,7,4,2,1,1,1,3,4,2,2,2,2,2.0,1.0,1.0,1.0,1.0,3.0,1.0,1.0,1.0,1.0,1.0,1.0,1.0,1.0,D,V,V,V,V,D,D,N,V,V,V,V,V,V,V,V,V,D,V,D,D,V,D,D,V,V,,,
Stade toulousain,1907,37.3,1,Ugo Mola,Stade Ernest-Wallon. Toulouse,19500.0,2021,4,26,15,0,11,71,40,6,5,638,432,206,71,6,1,1,1,1,1,1,1,2,1,1,2,2.0,2.0,2.0,4.0,5.0,6.0,6.0,7.0,3.0,5.0,6.0,6.0,6.0,4.0,V,V,V,V,V,V,D,V,D,V,V,D,R,D,R,D,D,D,V,D,,D,D,V,V,V,D,V,V
Stade rochelais,2014,27.9,2,Ronan O'Gara,Stade Marcel-Deflandre. La Rochelle,16000.0,2021,5,26,15,0,11,73,45,6,5,640,466,174,71,9,13,13,12,13,10,7,5,7,6,4,5,4.0,5.0,6.0,6.0,7.0,8.0,7.0,6.0,4.0,3.0,3.0,7.0,4.0,5.0,D,D,D,V,D,V,V,V,D,V,V,D,V,D,R,D,D,V,V,V,,V,V,D,V,V,,D,V
Racing 92,2009,29.1,3,Laurent Travers,Paris La Défense Arena. Nanterre,32000.0,2021,6,26,16,0,10,70,57,4,2,661,568,93,70,2,2,6,2,8,4,4,4,3,5,6,8,8.0,10.0,8.0,8.0,6.0,5.0,4.0,5.0,7.0,6.0,5.0,4.0,5.0,6.0,V,V,D,V,D,V,V,D,V,D,D,D,R,D,V,V,V,V,V,D,,V,V,V,D,V,V,,D
Union Bordeaux Bègles,2011,26.2,4,Christophe Urios,Stade Chaban-Delmas. Bordeaux,34694.0,2021,3,26,15,1,10,62,43,5,5,610,484,126,72,12,7,9,4,2,2,2,2,1,2,2,1,1.0,1.0,1.0,1.0,1.0,1.0,1.0,1.0,2.0,2.0,2.0,2.0,2.0,3.0,D,V,N,V,V,V,V,V,V,D,V,V,R,V,V,V,R,D,D,D,D,D,V,D,V,D,D,,V
ASM Clermont,1925,31.2,5,Jono Gibbes,Stade Marcel-Michelin. Clermont-Ferrand,19022.0,2021,7,26,14,0,12,70,58,6,4,649,557,92,66,11,12,10,13,9,11,10,7,8,8,8,7,7.0,7.0,7.0,7.0,8.0,10.0,9.0,9.0,8.0,8.0,9.0,9.0,9.0,7.0,D,D,V,D,V,D,V,V,D,V,D,V,R,V,D,D,R,D,V,V,V,V,D,V,V,V,D,,D
Stade français Paris,1997,39.1,6,Gonzalo Quesada,Stade Jean-Bouin. Paris,20000.0,2021,11,26,11,0,15,54,63,2,4,544,651,-107,50,13,14,14,14,14,13,12,10,12,11,12,10,10.0,9.0,10.0,10.0,10.0,7.0,8.0,8.0,11.0,11.0,11.0,11.0,11.0,11.0,D,D,D,V,D,V,V,V,D,D,D,V,R,V,D,V,D,V,D,V,,D,V,D,D,D,V,,D
Castres olympique,1989,22.8,7,Pierre-Henry Broncan,Stade Pierre-Fabre. Castres,12500.0,2021,1,26,17,1,8,57,45,5,1,565,529,36,76,5,3,4,6,4,6,5,5,4,7,7,6,5.0,4.0,3.0,5.0,4.0,4.0,5.0,4.0,5.0,4.0,4.0,3.0,3.0,1.0,V,V,N,D,V,D,V,D,V,D,D,V,V,V,V,D,V,V,D,V,,V,V,V,V,V,,,D
RC Toulon,2008,32.0,8,Franck Azéma,Stade Mayol. Toulon,18200.0,2021,8,26,13,2,11,53,45,4,5,572,504,68,65,8,11,8,10,11,9,11,13,11,12,11,11,11.0,11.0,12.0,13.0,14.0,12.0,12.0,12.0,9.0,9.0,8.0,8.0,7.0,8.0,N,D,V,D,D,V,D,D,V,D,V,N,R,R,R,D,D,V,D,V,D,V,V,V,V,D,V,V,V
Lyon OU,2016,36.0,9,Pierre Mignoni,Matmut Stadium Gerland. Lyon,35029.0,2021,9,26,13,0,13,67,53,6,6,637,558,79,64,4,6,2,3,6,3,3,3,6,4,5,4,6.0,6.0,6.0,3.0,3.0,3.0,3.0,3.0,6.0,7.0,7.0,5.0,8.0,9.0,V,D,V,D,D,V,V,D,D,V,D,V,D,V,V,V,V,D,V,D,,D,V,V,D,D,,,D
Montpellier HR,2003,28.6,10,Philippe Saint-André,GGL Stadium. Montpellier,15697.0,2021,2,26,15,2,9,57,50,4,6,619,503,116,74,7,4,7,9,7,8,9,8,5,3,3,3,3.0,3.0,4.0,2.0,2.0,2.0,2.0,2.0,1.0,1.0,1.0,1.0,1.0,2.0,N,V,D,D,V,D,D,V,V,V,V,V,V,R,R,V,V,N,V,D,V,V,D,D,V,D,,D,V
CA Brive,2019,17.6,11,Jeremy Davidson,Stade Amédée-Domenech. Brive-la-Gaillarde,13979.0,2021,12,26,9,1,16,44,62,4,4,453,631,-178,46,1,8,3,5,3,5,6,9,10,10,10,12,12.0,12.0,13.0,11.0,12.0,11.0,10.0,11.0,12.0,12.0,12.0,12.0,12.0,12.0,V,D,V,D,V,D,D,D,D,V,D,D,R,D,D,V,D,N,V,D,,D,D,D,D,V,V,,V
Section paloise,2015,22.6,12,Sébastien Piqueronies,Stade du Hameau. Pau,14588.0,2021,10,26,11,1,14,52,76,1,3,568,664,-96,50,10,5,11,7,5,7,8,11,9,9,9,9,9.0,8.0,9.0,9.0,9.0,9.0,11.0,10.0,10.0,10.0,10.0,10.0,10.0,10.0,D,V,D,V,V,D,D,D,V,V,D,N,R,V,D,V,D,V,D,V,,V,D,D,D,D,D,,V
USA Perpignan,2021,17.4,15,Patrick Arlettaz,Stade Aimé-Giral. Perpignan,14593.0,2021,13,26,9,0,17,48,75,2,5,491,664,-173,43,14,9,12,8,10,12,13,14,13,13,13,13,13.0,13.0,11.0,12.0,11.0,13.0,13.0,13.0,13.0,13.0,13.0,13.0,13.0,13.0,D,V,D,V,D,D,D,D,V,D,V,D,D,D,V,D,V,D,D,V,,D,D,V,D,V,,,D
Biarritz olympique,2021,12.8,17,Matthew Clarkin,Parc des sports d'Aguiléra. Biarritz,13400.0,2021,14,26,5,0,21,49,115,1,3,449,885,-436,24,3,10,5,11,12,14,14,12,14,14,14,14,14.0,14.0,14.0,14.0,13.0,14.0,14.0,14.0,14.0,14.0,14.0,14.0,14.0,14.0,V,D,V,D,D,D,D,V,D,D,V,D,D,D,D,D,V,D,D,D,,D,D,D,D,D,,,D
Castres olympique,1989,,1,Pierre-Henry Broncan,Stade Pierre-Fabre. Castres,12500.0,2022,9,26,13,1,12,43,58,1,2,532,635,-103,57,13,6,12,8,9,9,7,7,5,10,12,11,12.0,10.0,11.0,10.0,11.0,11.0,11.0,11.0,11.0,11.0,9.0,11.0,10.0,9.0,D,V,D,V,D,V,V,D,V,D,D,V,D,N,D,V,D,D,D,V,V,V,V,D,V,V,,,
Montpellier HR,2003,,2,Philippe Saint-André,GGL Stadium. Montpellier,15697.0,2022,11,26,11,0,15,68,62,4,6,624,617,7,54,11,4,3,2,3,4,8,11,11,7,5,5,4.0,7.0,6.0,8.0,8.0,9.0,10.0,9.0,9.0,9.0,10.0,10.0,9.0,11.0,D,V,V,V,D,D,D,D,V,V,V,D,V,D,V,D,D,D,D,V,V,D,D,D,V,D,,,
Union Bordeaux Bègles,2011,,3,Julien Laïrle  Frédéric Charrier,Stade Chaban-Delmas. Bordeaux,34694.0,2022,6,26,13,1,12,53,48,4,5,576,501,75,63,8,13,9,13,7,12,9,10,10,11,11,8,7.0,6.0,4.0,6.0,7.0,7.0,6.0,5.0,5.0,7.0,4.0,4.0,5.0,6.0,D,D,V,D,V,D,V,N,V,D,D,V,V,V,V,D,D,V,V,V,D,D,V,D,V,D,,,
Stade toulousain,1907,,4,Ugo Mola,Stade Ernest-Wallon. Toulouse,19500.0,2022,1,26,17,1,8,76,44,9,2,682,474,208,81,7,1,2,1,1,1,1,1,1,1,1,1,1.0,1.0,1.0,1.0,1.0,1.0,1.0,1.0,1.0,1.0,1.0,1.0,1.0,1.0,V,V,D,V,V,V,V,V,D,N,D,V,V,V,D,V,V,D,V,V,D,V,D,V,D,V,,,
Stade rochelais,2014,,5,Ronan O'Gara,Stade Marcel-Deflandre. La Rochelle,16000.0,2022,2,26,17,0,9,75,48,7,3,673,479,194,78,5,2,1,3,2,3,2,3,3,2,2,4,5.0,3.0,3.0,3.0,4.0,4.0,4.0,2.0,2.0,2.0,2.0,2.0,2.0,2.0,V,V,V,D,V,D,V,D,D,V,V,D,D,V,V,D,D,V,V,V,V,V,V,V,D,V,,,
Racing 92,2009,,6,Laurent Travers,Paris La Défense Arena. Nanterre,32000.0,2022,5,26,14,1,11,80,77,5,3,734,684,50,66,2,8,4,9,8,8,11,8,6,3,3,2,3.0,3.0,5.0,4.0,5.0,5.0,7.0,8.0,7.0,6.0,7.0,4.0,4.0,5.0,V,D,V,D,D,V,D,V,V,V,V,V,D,N,D,V,D,V,D,D,V,V,D,V,V,D,,,
ASM Clermont,1925,,7,Christophe Urios,Stade Marcel-Michelin. Clermont-Ferrand,19022.0,2022,10,26,11,1,14,68,67,4,6,588,627,-39,56,12,7,10,4,4,6,4,6,7,9,10,10,10.0,11.0,10.0,11.0,10.0,10.0,9.0,10.0,10.0,10.0,11.0,9.0,10.0,10.0,D,V,D,V,V,D,V,N,D,D,D,V,D,D,V,D,V,D,V,D,V,D,D,V,D,V,,,
RC Toulon,2008,,8,Pierre Mignoni,Stade Mayol. Toulon,18200.0,2022,7,26,14,0,12,65,57,3,2,588,557,31,61,1,10,7,7,5,2,5,4,4,8,7,9,8.0,8.0,9.0,9.0,9.0,8.0,8.0,7.0,6.0,4.0,5.0,7.0,8.0,7.0,V,D,V,D,V,V,D,V,D,D,V,D,V,D,D,V,V,V,D,V,V,V,D,D,D,V,,,
Lyon OU,2016,,9,Xavier Garbajosa,Matmut Stadium Gerland. Lyon,35029.0,2022,3,26,14,1,11,81,60,4,5,690,626,64,67,4,5,11,5,12,10,7,5,9,5,4,6,9.0,9.0,8.0,7.0,3.0,3.0,3.0,4.0,4.0,5.0,6.0,4.0,6.0,3.0,V,D,D,V,D,V,V,V,D,V,V,D,D,D,V,V,V,V,V,D,D,D,D,V,N,V,,,
Section paloise,2015,,10,Sébastien Piqueronies,Stade du Hameau. Pau,14588.0,2022,12,26,10,1,15,64,72,5,5,591,634,-43,52,6,12,6,11,14,14,13,13,12,12,9,11,11.0,12.0,12.0,12.0,12.0,12.0,12.0,13.0,12.0,12.0,12.0,12.0,12.0,12.0,V,D,V,D,D,D,D,D,V,V,V,D,N,D,D,D,V,D,D,D,V,V,D,V,D,D,,,
Stade français Paris,1997,,11,Gonzalo Quesada,Stade Jean-Bouin. Paris,20000.0,2022,4,26,13,2,11,63,48,5,6,616,480,136,67,3,9,5,6,10,5,3,2,2,4,6,3,2.0,2.0,2.0,2.0,2.0,2.0,2.0,3.0,3.0,3.0,3.0,3.0,3.0,4.0,V,D,V,D,D,V,V,V,D,N,D,V,V,V,V,D,V,D,V,D,D,V,V,D,N,D,,,
CA Brive,2019,,12,Patrice Collazo,Stade Amédée-Domenech. Brive-la-Gaillarde,13979.0,2022,14,26,7,0,19,41,85,1,7,440,731,-291,36,10,3,8,12,6,11,12,12,14,14,14,14,14.0,13.0,13.0,13.0,13.0,14.0,14.0,14.0,14.0,14.0,14.0,14.0,14.0,14.0,D,V,D,D,V,D,D,D,D,D,D,D,V,V,V,D,D,D,D,D,D,D,V,V,D,D,,,
USA Perpignan,2021,,13,Patrick Arlettaz,Stade Aimé-Giral. Perpignan,14593.0,2022,13,26,10,0,16,54,87,0,3,503,726,-223,43,9,14,14,14,13,13,14,14,13,13,13,13,13.0,14.0,14.0,14.0,14.0,13.0,13.0,12.0,13.0,13.0,13.0,13.0,13.0,13.0,D,D,D,V,V,D,D,D,V,D,V,D,D,D,D,V,V,V,D,V,D,D,V,D,V,D,,,
Aviron bayonnais,2022,,16,Grégory Patat,Stade Jean-Dauger. Bayonne,18069.0,2022,8,26,13,1,12,57,75,2,2,596,662,-66,58,14,11,13,10,11,7,10,9,8,6,8,7,6.0,5.0,7.0,5.0,6.0,6.0,5.0,6.0,8.0,8.0,8.0,8.0,7.0,8.0,D,V,D,V,D,V,D,V,V,V,D,V,N,V,D,V,D,V,V,D,D,D,V,D,V,D,,,
Stade toulousain,1907,46.3,1,Ugo Mola,Stade Ernest-Wallon. Toulouse,19500.0,2023,1,26,16,1,9,103,72,7,3,765,592,173,76,13,7,5,5,6,5,7,6,6,7,7,4,4.0,2.0,2.0,2.0,2.0,2.0,2.0,2.0,2.0,2.0,1.0,1.0,1.0,1.0,D,V,V,V,D,V,D,V,D,V,D,V,V,V,V,V,V,D,D,V,D,V,V,V,N,D,,,
Stade rochelais,2014,34.9,2,Ronan O'Gara,Stade Marcel-Deflandre. La Rochelle,16700.0,2023,5,26,13,1,12,69,49,5,7,595,496,99,66,10,11,9,11,12,10,8,11,9,9,8,8,8.0,8.0,9.0,9.0,7.0,3.0,6.0,5.0,6.0,5.0,6.0,5.0,5.0,5.0,D,V,D,D,D,V,V,D,V,D,V,V,D,V,D,D,V,V,D,V,D,V,D,V,N,V,,,
Lyon OU,2016,37.1,3,Fabien Gengenbacher,Matmut Stadium Gerland. Lyon,35029.0,2023,11,26,12,0,14,72,90,5,2,630,754,-124,55,1,9,8,6,8,9,12,10,12,12,12,13,11.0,12.0,11.0,10.0,11.0,10.0,12.0,12.0,11.0,10.0,12.0,12.0,12.0,11.0,V,D,D,V,D,D,D,V,D,D,V,D,V,D,V,V,D,V,D,V,D,V,D,V,D,V,,,
Stade français Paris,1997,45.3,4,Laurent Labit,Stade Jean-Bouin. Paris,20000.0,2023,2,26,17,1,8,57,49,4,1,539,511,28,75,2,1,1,4,3,1,1,3,5,3,5,3,2.0,1.0,1.0,1.0,1.0,1.0,1.0,1.0,1.0,1.0,2.0,2.0,2.0,2.0,V,V,V,D,V,V,D,D,V,V,D,N,V,V,V,V,V,D,V,V,V,D,D,V,D,V,,,
Racing 92,2009,32.1,5,Stuart Lancaster,Paris La Défense Arena. Nanterre,32000.0,2023,6,26,13,0,13,79,56,5,5,622,546,76,62,6,2,4,3,2,3,2,1,1,1,1,1,1.0,4.0,4.0,6.0,6.0,6.0,4.0,3.0,3.0,4.0,5.0,6.0,6.0,6.0,V,D,V,V,V,D,V,V,D,V,D,V,D,D,D,D,D,V,V,V,V,D,D,D,V,D,,,
Union Bordeaux Bègles,2011,32.9,6,Yannick Bru,Stade Chaban-Delmas. Bordeaux,28500.0,2023,3,26,15,0,11,80,65,5,4,677,558,119,69,9,5,7,8,7,8,10,7,7,4,2,2,3.0,3.0,3.0,4.0,3.0,4.0,3.0,6.0,5.0,3.0,3.0,3.0,3.0,3.0,D,V,V,D,V,D,D,V,V,V,V,V,D,V,D,D,V,D,V,D,V,V,V,D,D,V,,,
RC Toulon,2008,39.6,7,Pierre Mignoni,Stade Mayol. Toulon,18200.0,2023,4,26,15,0,11,72,58,5,4,704,519,185,69,11,13,10,7,9,7,5,4,2,5,3,5,5.0,5.0,6.0,7.0,5.0,8.0,5.0,4.0,4.0,6.0,4.0,4.0,3.0,4.0,D,V,D,V,D,V,V,V,V,D,V,D,V,D,D,D,V,D,V,V,V,D,V,V,V,D,,,
Aviron bayonnais,2022,27.3,8,Grégory Patat,Stade Jean-Dauger. Bayonne,18069.0,2023,12,26,11,0,15,64,75,2,6,572,669,-97,52,3,6,11,9,10,11,9,12,10,10,10,10,10.0,10.0,10.0,11.0,9.0,9.0,9.0,10.0,10.0,12.0,11.0,11.0,11.0,12.0,V,D,D,V,D,D,V,D,V,D,V,D,V,D,V,D,V,D,V,D,D,D,V,V,D,D,,,
Castres olympique,1989,24.7,9,Jeremy Davidson,Stade Pierre-Fabre. Castres,12500.0,2023,7,26,13,0,13,69,77,4,6,643,642,1,62,7,4,3,2,5,4,3,5,3,6,6,7,7.0,7.0,5.0,3.0,5.0,5.0,7.0,8.0,9.0,8.0,8.0,10.0,8.0,7.0,V,D,V,V,D,V,V,D,V,D,D,D,D,V,V,V,D,D,D,D,V,D,V,D,V,V,,,
ASM Clermont,1925,34.1,10,Christophe Urios,Stade Marcel-Michelin. Clermont-Ferrand,19022.0,2023,8,26,12,2,12,73,77,6,3,621,671,-50,61,12,8,6,10,4,6,6,8,8,8,9,9,9.0,6.0,8.0,8.0,10.0,11.0,10.0,11.0,12.0,11.0,10.0,8.0,10.0,8.0,D,V,V,D,V,V,D,D,V,D,D,N,V,V,D,D,D,N,V,D,D,V,V,V,D,V,,,
Montpellier HR,2003,30.4,11,Patrice Collazo,GGL Stadium. Montpellier,15697.0,2023,13,26,9,0,17,60,79,1,7,542,655,-113,44,5,10,13,12,13,13,14,14,14,14,14,14,14.0,14.0,13.0,13.0,12.0,12.0,13.0,13.0,13.0,13.0,13.0,13.0,13.0,13.0,V,D,D,D,D,D,D,D,D,V,D,V,V,D,V,V,V,V,D,D,D,D,D,D,V,D,,,
Section paloise,2015,28.2,12,Sébastien Piqueronies,Stade du Hameau. Pau,14588.0,2023,9,26,13,0,13,70,76,3,5,630,609,21,60,8,3,2,1,1,2,4,2,4,2,4,6,6.0,9.0,7.0,5.0,8.0,7.0,8.0,7.0,7.0,9.0,7.0,7.0,9.0,9.0,D,V,V,V,V,V,D,V,D,V,D,D,D,D,V,V,D,V,D,D,V,D,V,D,D,V,,,
USA Perpignan,2021,21.0,13,Franck Azéma,Stade Aimé-Giral. Perpignan,14593.0,2023,10,26,13,0,13,80,85,5,1,634,701,-67,58,14,14,14,14,14,14,13,13,13,13,13,11,12.0,11.0,12.0,12.0,13.0,13.0,11.0,9.0,8.0,7.0,9.0,9.0,7.0,10.0,D,D,D,D,V,D,V,D,D,V,V,V,D,V,D,V,D,V,V,V,V,V,D,D,V,D,,,
Oyonnax Rugby,2023,17.0,15,Joe El Abd,Stade Charles-Mathon. Oyonnax,11400.0,2023,14,26,7,1,18,58,99,0,4,539,790,-251,34,4,12,12,13,11,12,11,9,11,11,11,12,13.0,13.0,14.0,14.0,14.0,14.0,14.0,14.0,14.0,14.0,14.0,14.0,14.0,14.0,V,D,D,D,V,D,V,V,D,D,V,D,D,D,D,D,D,N,D,D,D,V,D,D,V,D,,,
Stade toulousain,1907,49.0,1,Ugo Mola,Stade Ernest-Wallon. Toulouse,18784.0,2024,2,12,8,1,3,43,22,4,3,347,188,159,41,2,1,1,2,5,2,1,1,1,1,1,2,,,,,,,,,,,,,,,V,V,V,D,D,V,V,V,D,V,V,N,,,,,,,,,,,,,,,,,
Stade français Paris,1997,45.0,2,Paul Gustard,Stade Jean-Bouin. Paris,19607.0,2024,11,12,5,0,7,30,37,2,1,262,304,-42,23,12,11,8,13,11,13,13,12,13,10,12,10,,,,,,,,,,,,,,,D,V,D,D,V,D,D,V,D,V,D,V,,,,,,,,,,,,,,,,,
Union Bordeaux Bègles,2011,30.0,3,Yannick Bru,Stade Chaban-Delmas. Bordeaux,34635.0,2024,1,13,10,0,3,50,34,3,2,384,264,120,45,3,7,2,1,1,1,2,2,2,2,2,1,,,,,,,,,,,,,,,V,D,V,V,V,V,D,V,D,V,V,V,V,,,,,,,,,,,,,,,,
RC Toulon,2008,35.0,4,Pierre Mignoni,Stade Mayol. Toulon,16437.0,2024,3,13,8,0,5,37,30,3,3,327,279,48,38,11,6,6,3,4,5,4,5,5,4,4,3,,,,,,,,,,,,,,,D,V,V,V,D,D,V,D,V,V,V,V,D,,,,,,,,,,,,,,,,
Stade rochelais,2014,37.0,5,Ronan O'Gara,Stade Marcel-Deflandre. La Rochelle,16689.0,2024,6,12,7,0,5,36,29,3,1,287,272,15,32,4,10,5,4,2,3,3,4,3,3,6,6,,,,,,,,,,,,,,,V,D,V,V,V,D,V,D,V,D,D,V,,,,,,,,,,,,,,,,,
Racing 92,2009,27.3,6,Stuart Lancaster,Paris La Défense Arena. Nanterre,30680.0,2024,9,13,5,1,7,36,36,0,4,321,335,-14,26,9,4,11,11,10,9,10,8,8,8,8,9,,,,,,,,,,,,,,,D,V,D,D,V,V,D,V,V,D,D,D,N,,,,,,,,,,,,,,,,
Castres olympique,1989,25.0,7,Jeremy Davidson,Stade Pierre-Fabre. Castres,11778.0,2024,8,13,6,0,7,37,39,1,2,324,363,-39,27,6,5,4,6,3,7,6,7,7,5,7,7,,,,,,,,,,,,,,,V,D,V,D,V,D,V,D,V,V,D,D,D,,,,,,,,,,,,,,,,
ASM Clermont,1925,34.0,8,Christophe Urios,Stade Marcel-Michelin. Clermont-Ferrand,19357.0,2024,5,13,7,0,6,43,34,4,2,331,319,12,34,1,3,3,7,6,8,5,6,6,6,3,5,,,,,,,,,,,,,,,V,D,V,D,V,D,V,D,V,V,V,D,D,,,,,,,,,,,,,,,,
Section paloise,2015,28.0,9,Sébastien Piqueronies,Stade du Hameau. Pau,14999.0,2024,10,13,5,0,8,35,48,3,1,304,369,-65,24,14,9,12,8,8,6,9,10,12,13,10,13,,,,,,,,,,,,,,,D,V,D,V,D,V,D,D,D,D,V,D,V,,,,,,,,,,,,,,,,
USA Perpignan,2021,22.5,10,Franck Azéma,Stade Aimé-Giral. Perpignan,14727.0,2024,13,12,4,0,8,19,34,2,1,207,309,-102,19,8,13,14,12,9,12,11,13,9,11,11,12,,,,,,,,,,,,,,,D,D,D,V,V,D,V,D,V,D,D,D,,,,,,,,,,,,,,,,,
Lyon OU,2016,35.0,11,Karim Ghezal,Matmut Stadium Gerland. Lyon,35052.0,2024,12,13,4,2,7,36,40,1,1,324,362,-38,22,5,2,7,5,7,4,8,9,10,12,13,11,,,,,,,,,,,,,,,V,V,D,V,D,V,D,D,D,D,D,N,N,,,,,,,,,,,,,,,,
Aviron bayonnais,2022,30.0,12,Grégory Patat,Stade Jean-Dauger. Bayonne,14537.0,2024,4,13,9,0,4,39,39,1,1,345,306,39,38,7,12,13,9,12,10,7,3,4,7,5,4,,,,,,,,,,,,,,,V,D,D,V,D,V,V,V,V,D,V,V,V,,,,,,,,,,,,,,,,
Montpellier HR,2003,28.0,13,Joan Caudullo,GGL Stadium. Montpellier,14392.0,2024,7,13,6,0,7,24,24,1,4,270,241,29,29,10,8,10,10,13,11,12,11,11,9,9,8,,,,,,,,,,,,,,,D,V,D,D,D,V,D,V,D,V,D,V,V,,,,,,,,,,,,,,,,
RC Vannes,2024,19.0,16,Jean-Noël Spitzer,Stade de la Rabine. Vannes,11865.0,2024,14,13,3,0,10,38,57,0,3,323,445,-122,15,13,14,9,14,14,14,14,14,14,14,14,14,,,,,,,,,,,,,,,D,D,V,D,D,D,D,V,D,D,V,D,D,,,,,,,,,,,,,,,,
